{
  "acct_group": {
    "athena_bn_by": {
      "1": [
        {
          "acct_info": [
            {
              "exch": "Binance_LinearSwap",
              "logic_acct": "bn-swap-kronos-01",
              "ts": 1
            },
            {
              "exch": "Bybit_LinearSwap",
              "logic_acct": "by-swap-kronos-09",
              "ts": 1
            }
          ],
          "running_sub_tag": "ATHENA_BN_BY_1"
        },
        {
          "acct_info": [
            {
              "exch": "Binance_LinearSwap",
              "logic_acct": "bn-swap-kronos-14",
              "ts": 2
            },
            {
              "exch": "Bybit_LinearSwap",
              "logic_acct": "by-swap-kronos-17",
              "ts": 2
            }
          ],
          "running_sub_tag": "ATHENA_BN_BY_2"
        },
        {
          "acct_info": [
            {
              "exch": "Binance_LinearSwap",
              "logic_acct": "bn-swap-kronos-15",
              "ts": 3
            },
            {
              "exch": "Bybit_LinearSwap",
              "logic_acct": "by-swap-kronos-16",
              "ts": 3
            }
          ],
          "running_sub_tag": "ATHENA_BN_BY_3"
        },
        {
          "acct_info": [
            {
              "exch": "Binance_LinearSwap",
              "logic_acct": "bn-swap-kronos-58",
              "ts": 4
            },
            {
              "exch": "Bybit_LinearSwap",
              "logic_acct": "by-swap-kronos-56",
              "ts": 4
            }
          ],
          "running_sub_tag": "ATHENA_BN_BY_4"
        },
        {
          "acct_info": [
            {
              "exch": "Binance_LinearSwap",
              "logic_acct": "bn-swap-kronos-60",
              "ts": 5
            },
            {
              "exch": "Bybit_LinearSwap",
              "logic_acct": "by-swap-kronos-58",
              "ts": 5
            }
          ],
          "running_sub_tag": "ATHENA_BN_BY_5"
        }
      ]
    },
    "athena_by_bn": {
      "1": [
        {
          "acct_info": [
            {
              "exch": "Binance_LinearSwap",
              "logic_acct": "bn-swap-kronos-02",
              "ts": 1
            },
            {
              "exch": "Bybit_LinearSwap",
              "logic_acct": "by-swap-kronos-08",
              "ts": 1
            }
          ],
          "running_sub_tag": "ATHENA_BY_BN_1"
        },
        {
          "acct_info": [
            {
              "exch": "Binance_LinearSwap",
              "logic_acct": "bn-swap-kronos-26",
              "ts": 2
            },
            {
              "exch": "Bybit_LinearSwap",
              "logic_acct": "by-swap-kronos-22",
              "ts": 3
            }
          ],
          "running_sub_tag": "ATHENA_BY_BN_2"
        },
        {
          "acct_info": [
            {
              "exch": "Binance_LinearSwap",
              "logic_acct": "bn-swap-kronos-27",
              "ts": 3
            },
            {
              "exch": "Bybit_LinearSwap",
              "logic_acct": "by-swap-kronos-21",
              "ts": 2
            }
          ],
          "running_sub_tag": "ATHENA_BY_BN_3"
        },
        {
          "acct_info": [
            {
              "exch": "Binance_LinearSwap",
              "logic_acct": "bn-swap-kronos-59",
              "ts": 4
            },
            {
              "exch": "Bybit_LinearSwap",
              "logic_acct": "by-swap-kronos-57",
              "ts": 4
            }
          ],
          "running_sub_tag": "ATHENA_BY_BN_4"
        },
        {
          "acct_info": [
            {
              "exch": "Binance_LinearSwap",
              "logic_acct": "bn-swap-kronos-61",
              "ts": 5
            },
            {
              "exch": "Bybit_LinearSwap",
              "logic_acct": "by-swap-kronos-59",
              "ts": 5
            }
          ],
          "running_sub_tag": "ATHENA_BY_BN_5"
        }
      ]
    },
    "athena_bn_ok": {
      "1": [
        {
          "acct_info": [
            {
              "exch": "Binance_LinearSwap",
              "logic_acct": "bn-swap-kronos-05",
              "ts": 1
            },
            {
              "exch": "Okex_LinearSwap",
              "logic_acct": "okx-swap-kronos-05",
              "ts": 1
            }
          ],
          "running_sub_tag": "ATHENA_BN_OK_1"
        },
        {
          "acct_info": [
            {
              "exch": "Binance_LinearSwap",
              "logic_acct": "bn-ln-xy-10",
              "ts": 2
            },
            {
              "exch": "Okex_LinearSwap",
              "logic_acct": "okx-swap-kronos-08",
              "ts": 2
            }
          ],
          "running_sub_tag": "ATHENA_BN_OK_2"
        },
        {
          "acct_info": [
            {
              "exch": "Binance_LinearSwap",
              "logic_acct": "bn-swap-kronos-13",
              "ts": 3
            },
            {
              "exch": "Okex_LinearSwap",
              "logic_acct": "okx-swap-kronos-10",
              "ts": 3
            }
          ],
          "running_sub_tag": "ATHENA_BN_OK_3"
        },
        {
          "acct_info": [
            {
              "exch": "Binance_LinearSwap",
              "logic_acct": "bn-swap-kronos-54",
              "ts": 4
            },
            {
              "exch": "Okex_LinearSwap",
              "logic_acct": "okx-swap-kronos-48",
              "ts": 4
            }
          ],
          "running_sub_tag": "ATHENA_BN_OK_4"
        },
        {
          "acct_info": [
            {
              "exch": "Binance_LinearSwap",
              "logic_acct": "bn-swap-kronos-55",
              "ts": 5
            },
            {
              "exch": "Okex_LinearSwap",
              "logic_acct": "okx-swap-kronos-49",
              "ts": 5
            }
          ],
          "running_sub_tag": "ATHENA_BN_OK_5"
        }
      ]
    },
    "athena_bn_ok_big": {
      "1": [
        {
          "acct_info": [
            {
              "exch": "Binance_LinearSwap",
              "logic_acct": "bn-swap-kronos-25"
            },
            {
              "exch": "Okex_LinearSwap",
              "logic_acct": "okx-swap-kronos-16"
            }
          ],
          "running_sub_tag": "ATHENA_BN_OK_BIG_1"
        },
        {
          "acct_info": [
            {
              "exch": "Binance_LinearSwap",
              "logic_acct": "bn-swap-kronos-24"
            },
            {
              "exch": "Okex_LinearSwap",
              "logic_acct": "okx-swap-kronos-15"
            }
          ],
          "running_sub_tag": "ATHENA_BN_OK_BIG_2"
        }
      ]
    },
    "athena_ok_bn_big": {
      "1": [
        {
          "acct_info": [
            {
              "exch": "Binance_LinearSwap",
              "logic_acct": "bn-swap-kronos-40"
            },
            {
              "exch": "Okex_LinearSwap",
              "logic_acct": "okx-swap-kronos-36"
            }
          ],
          "running_sub_tag": "ATHENA_OK_BN_BIG_1"
        },
        {
          "acct_info": [
            {
              "exch": "Binance_LinearSwap",
              "logic_acct": "bn-swap-kronos-41"
            },
            {
              "exch": "Okex_LinearSwap",
              "logic_acct": "okx-swap-kronos-35"
            }
          ],
          "running_sub_tag": "ATHENA_OK_BN_BIG_2"
        }
      ]
    },
    "athena_ok_bn_usdc": {
      "1": [
        {
          "acct_info": [
            {
              "exch": "Binance_LinearSwap",
              "logic_acct": "bn-swap-kronos-50"
            },
            {
              "exch": "Okex_LinearSwap",
              "logic_acct": "okx-swap-kronos-41"
            }
          ],
          "running_sub_tag": ""
        },
        {
          "acct_info": [
            {
              "exch": "Binance_LinearSwap",
              "logic_acct": "bn-swap-kronos-51"
            },
            {
              "exch": "Okex_LinearSwap",
              "logic_acct": "okx-swap-kronos-42"
            }
          ],
          "running_sub_tag": ""
        },
        {
          "acct_info": [
            {
              "exch": "Binance_LinearSwap",
              "logic_acct": "bn-swap-kronos-52"
            },
            {
              "exch": "Okex_LinearSwap",
              "logic_acct": "okx-swap-kronos-43"
            }
          ],
          "running_sub_tag": ""
        }
      ]
    },
    "athena_by_ok": {
      "1": [
        {
          "acct_info": [
            {
              "exch": "Bybit_LinearSwap",
              "logic_acct": "by-swap-kronos-05",
              "ts": 1
            },
            {
              "exch": "Okex_LinearSwap",
              "logic_acct": "okx-swap-kronos-03",
              "ts": 1
            }
          ],
          "running_sub_tag": "ATHENA_BY_OK_1"
        },
        {
          "acct_info": [
            {
              "exch": "Bybit_LinearSwap",
              "logic_acct": "by-swap-kronos-28",
              "ts": 2
            },
            {
              "exch": "Okex_LinearSwap",
              "logic_acct": "okx-swap-kronos-26",
              "ts": 2
            }
          ],
          "running_sub_tag": "ATHENA_BY_OK_2"
        },
        {
          "acct_info": [
            {
              "exch": "Bybit_LinearSwap",
              "logic_acct": "by-swap-kronos-27",
              "ts": 3
            },
            {
              "exch": "Okex_LinearSwap",
              "logic_acct": "okx-swap-kronos-25",
              "ts": 3
            }
          ],
          "running_sub_tag": "ATHENA_BY_OK_3"
        },
        {
          "acct_info": [
            {
              "exch": "Bybit_LinearSwap",
              "logic_acct": "by-swap-kronos-52",
              "ts": 4
            },
            {
              "exch": "Okex_LinearSwap",
              "logic_acct": "okx-swap-kronos-44",
              "ts": 4
            }
          ],
          "running_sub_tag": "ATHENA_BY_OK_4"
        },
        {
          "acct_info": [
            {
              "exch": "Bybit_LinearSwap",
              "logic_acct": "by-swap-kronos-53",
              "ts": 5
            },
            {
              "exch": "Okex_LinearSwap",
              "logic_acct": "okx-swap-kronos-45",
              "ts": 5
            }
          ],
          "running_sub_tag": "ATHENA_BY_OK_5"
        }
      ]
    },
    "athena_ok_by": {
      "1": [
        {
          "acct_info": [
            {
              "exch": "Bybit_LinearSwap",
              "logic_acct": "by-swap-kronos-04",
              "ts": 1
            },
            {
              "exch": "Okex_LinearSwap",
              "logic_acct": "okx-swap-kronos-02",
              "ts": 1
            }
          ],
          "running_sub_tag": "ATHENA_OK_BY_1"
        },
        {
          "acct_info": [
            {
              "exch": "Bybit_LinearSwap",
              "logic_acct": "by-swap-kronos-20",
              "ts": 2
            },
            {
              "exch": "Okex_LinearSwap",
              "logic_acct": "okx-swap-kronos-11",
              "ts": 2
            }
          ],
          "running_sub_tag": "ATHENA_OK_BY_2"
        },
        {
          "acct_info": [
            {
              "exch": "Bybit_LinearSwap",
              "logic_acct": "by-swap-kronos-19",
              "ts": 3
            },
            {
              "exch": "Okex_LinearSwap",
              "logic_acct": "okx-swap-kronos-12",
              "ts": 3
            }
          ],
          "running_sub_tag": "ATHENA_OK_BY_3"
        },
        {
          "acct_info": [
            {
              "exch": "Bybit_LinearSwap",
              "logic_acct": "by-swap-kronos-54",
              "ts": 4
            },
            {
              "exch": "Okex_LinearSwap",
              "logic_acct": "okx-swap-kronos-46",
              "ts": 4
            }
          ],
          "running_sub_tag": "ATHENA_OK_BY_4"
        },
        {
          "acct_info": [
            {
              "exch": "Bybit_LinearSwap",
              "logic_acct": "by-swap-kronos-55",
              "ts": 5
            },
            {
              "exch": "Okex_LinearSwap",
              "logic_acct": "okx-swap-kronos-47",
              "ts": 5
            }
          ],
          "running_sub_tag": "ATHENA_OK_BY_5"
        }
      ]
    },
    "athena_ok_bn": {
      "1": [
        {
          "acct_info": [
            {
              "exch": "Binance_LinearSwap",
              "logic_acct": "bn-swap-kronos-04",
              "ts": 1
            },
            {
              "exch": "Okex_LinearSwap",
              "logic_acct": "okx-swap-kronos-04",
              "ts": 1
            }
          ],
          "running_sub_tag": "ATHENA_OK_BN_1"
        },
        {
          "acct_info": [
            {
              "exch": "Binance_LinearSwap",
              "logic_acct": "bn-swap-kronos-28",
              "ts": 2
            },
            {
              "exch": "Okex_LinearSwap",
              "logic_acct": "okx-swap-kronos-18",
              "ts": 2
            }
          ],
          "running_sub_tag": "ATHENA_OK_BN_2"
        },
        {
          "acct_info": [
            {
              "exch": "Binance_LinearSwap",
              "logic_acct": "bn-swap-kronos-29",
              "ts": 3
            },
            {
              "exch": "Okex_LinearSwap",
              "logic_acct": "okx-swap-kronos-17",
              "ts": 3
            }
          ],
          "running_sub_tag": "ATHENA_OK_BN_3"
        },
        {
          "acct_info": [
            {
              "exch": "Binance_LinearSwap",
              "logic_acct": "bn-swap-kronos-56",
              "ts": 4
            },
            {
              "exch": "Okex_LinearSwap",
              "logic_acct": "okx-swap-kronos-50",
              "ts": 4
            }
          ],
          "running_sub_tag": "ATHENA_OK_BN_4"
        },
        {
          "acct_info": [
            {
              "exch": "Binance_LinearSwap",
              "logic_acct": "bn-swap-kronos-57",
              "ts": 5
            },
            {
              "exch": "Okex_LinearSwap",
              "logic_acct": "okx-swap-kronos-51",
              "ts": 5
            }
          ],
          "running_sub_tag": "ATHENA_OK_BN_5"
        }
      ]
    },
    "athena_bn_by_big": {
      "1": [
        {
          "acct_info": [
            {
              "exch": "Binance_LinearSwap",
              "logic_acct": "bn-swap-kronos-09"
            },
            {
              "exch": "Bybit_LinearSwap",
              "logic_acct": "by-swap-kronos-11"
            }
          ],
          "running_sub_tag": "ATHENA_BN_BY_BIG_1"
        },
        {
          "acct_info": [
            {
              "exch": "Binance_LinearSwap",
              "logic_acct": "bn-swap-kronos-11"
            },
            {
              "exch": "Bybit_LinearSwap",
              "logic_acct": "by-swap-kronos-10"
            }
          ],
          "running_sub_tag": "ATHENA_BN_BY_BIG_2"
        }
      ]
    },
    "athena_by_ok_big": {
      "1": [
        {
          "acct_info": [
            {
              "exch": "Bybit_LinearSwap",
              "logic_acct": "by-swap-kronos-18"
            },
            {
              "exch": "Okex_LinearSwap",
              "logic_acct": "okx-swap-kronos-13"
            }
          ],
          "running_sub_tag": "ATHENA_BY_OK_BIG_1"
        },
        {
          "acct_info": [
            {
              "exch": "Bybit_LinearSwap",
              "logic_acct": "by-swap-kronos-26"
            },
            {
              "exch": "Okex_LinearSwap",
              "logic_acct": "okx-swap-kronos-24"
            }
          ],
          "running_sub_tag": "ATHENA_BY_OK_BIG_2"
        }
      ]
    },
    "athena_ok_by_big": {
      "1": [
        {
          "acct_info": [
            {
              "exch": "Bybit_LinearSwap",
              "logic_acct": "by-swap-kronos-31"
            },
            {
              "exch": "Okex_LinearSwap",
              "logic_acct": "okx-swap-kronos-29"
            }
          ],
          "running_sub_tag": "ATHENA_OK_BY_BIG_1"
        },
        {
          "acct_info": [
            {
              "exch": "Bybit_LinearSwap",
              "logic_acct": "by-swap-kronos-30"
            },
            {
              "exch": "Okex_LinearSwap",
              "logic_acct": "okx-swap-kronos-28"
            }
          ],
          "running_sub_tag": "ATHENA_OK_BY_BIG_2"
        }
      ]
    },
    "athena_by_bn_big": {
      "1": [
        {
          "acct_info": [
            {
              "exch": "Binance_LinearSwap",
              "logic_acct": "bn-swap-kronos-36"
            },
            {
              "exch": "Bybit_LinearSwap",
              "logic_acct": "by-swap-kronos-38"
            }
          ],
          "running_sub_tag": "ATHENA_BY_BN_BIG_1"
        },
        {
          "acct_info": [
            {
              "exch": "Binance_LinearSwap",
              "logic_acct": "bn-swap-kronos-35"
            },
            {
              "exch": "Bybit_LinearSwap",
              "logic_acct": "by-swap-kronos-37"
            }
          ],
          "running_sub_tag": "ATHENA_BY_BN_BIG_2"
        }
      ]
    },
    "apollo_by_bn": {
      "1": [
        {
          "acct_info": [
            {
              "exch": "Binance_LinearSwap",
              "logic_acct": "bn-swap-kronos-12"
            },
            {
              "exch": "Bybit_LinearSwap",
              "logic_acct": "by-swap-kronos-15"
            }
          ],
          "running_sub_tag": "APOLLO_BY_BN_1"
        }
      ]
    },
    "apollo_bn_by": {
      "1": [
        {
          "acct_info": [
            {
              "exch": "Binance_LinearSwap",
              "logic_acct": "bn-swap-kronos-33"
            },
            {
              "exch": "Bybit_LinearSwap",
              "logic_acct": "by-swap-kronos-23"
            }
          ],
          "running_sub_tag": "APOLLO_BN_BY_1"
        }
      ]
    },
    "apollo_bn_ok": {
      "1": [
        {
          "acct_info": [
            {
              "exch": "Binance_LinearSwap",
              "logic_acct": "bn-swap-kronos-18"
            },
            {
              "exch": "Okex_LinearSwap",
              "logic_acct": "okx-swap-kronos-33"
            }
          ],
          "running_sub_tag": "APOLLO_BN_OK_1"
        }
      ]
    },
    "apollo_ok_bn": {
      "1": [
        {
          "acct_info": [
            {
              "exch": "Binance_LinearSwap",
              "logic_acct": "bn-swap-kronos-30"
            },
            {
              "exch": "Okex_LinearSwap",
              "logic_acct": "okx-swap-kronos-54"
            }
          ],
          "running_sub_tag": "APOLLO_OK_BN_1"
        }
      ]
    },
    "apollo_ok_by": {
      "1": [
        {
          "acct_info": [
            {
              "exch": "Bybit_LinearSwap",
              "logic_acct": "by-swap-kronos-29"
            },
            {
              "exch": "Okex_LinearSwap",
              "logic_acct": "okx-swap-kronos-23"
            }
          ],
          "running_sub_tag": "APOLLO_OK_BY_1"
        }
      ]
    },
    "apollo_by_ok": {
      "1": [
        {
          "acct_info": [
            {
              "exch": "Bybit_LinearSwap",
              "logic_acct": "by-swap-kronos-25"
            },
            {
              "exch": "Okex_LinearSwap",
              "logic_acct": "okx-swap-kronos-01"
            }
          ],
          "running_sub_tag": "APOLLO_BY_OK_1"
        }
      ]
    },
    "apollo_bn_usdt_usdc": {
      "1": [
        {
          "acct_info": [
            {
              "exch": "Binance_LinearSwap",
              "logic_acct": "bn-swap-kronos-23"
            },
            {
              "exch": "Binance_LinearSwap",
              "logic_acct": "bn-swap-kronos-23"
            }
          ],
          "running_sub_tag": "APOLLO_BN_USDT_USDC_1"
        }
      ]
    },
    "athena_by_bn_mt": {
      "1": [
        {
          "acct_info": [
            {
              "exch": "Binance_Spot",
              "logic_acct": "bn-mt-kronos-01"
            },
            {
              "exch": "Bybit_Spot",
              "logic_acct": "by-mt-kronos-01"
            }
          ],
          "running_sub_tag": "ATHENA_BY_BN_MT_1"
        }
      ]
    },
    "kronos_hl_join": {
      "1": [
        {
          "acct_info": [
            {
              "exch": "Hyperliquid_LinearSwap",
              "logic_acct": "hpliquid-swap-kronos-17"
            }
          ],
          "running_sub_tag": ""
        }
      ]
    },
    "kronos_by_improve": {
      "1": [
        {
          "acct_info": [
            {
              "exch": "Bybit_LinearSwap",
              "logic_acct": "by-swap-kronos-49"
            }
          ],
          "running_sub_tag": ""
        }
      ],
      "2": [
        {
          "acct_info": [
            {
              "exch": "Bybit_LinearSwap",
              "logic_acct": "by-swap-kronos-50"
            }
          ],
          "running_sub_tag": ""
        }
      ],
      "3": [
        {
          "acct_info": [
            {
              "exch": "Bybit_LinearSwap",
              "logic_acct": "by-swap-kronos-51"
            }
          ],
          "running_sub_tag": ""
        }
      ]
    },
    "kronos_by_join": {
      "1": [
        {
          "acct_info": [
            {
              "exch": "Bybit_LinearSwap",
              "logic_acct": "by-swap-kronos-14"
            }
          ],
          "running_sub_tag": ""
        }
      ],
      "2": [
        {
          "acct_info": [
            {
              "exch": "Bybit_LinearSwap",
              "logic_acct": "by-swap-kronos-13"
            }
          ],
          "running_sub_tag": ""
        }
      ],
      "3": [
        {
          "acct_info": [
            {
              "exch": "Bybit_LinearSwap",
              "logic_acct": "by-swap-kronos-41"
            }
          ],
          "running_sub_tag": ""
        }
      ],
      "4": [
        {
          "acct_info": [
            {
              "exch": "Bybit_LinearSwap",
              "logic_acct": "by-swap-kronos-40"
            }
          ],
          "running_sub_tag": ""
        }
      ],
      "5": [
        {
          "acct_info": [
            {
              "exch": "Bybit_LinearSwap",
              "logic_acct": "by-swap-kronos-39"
            }
          ],
          "running_sub_tag": ""
        }
      ],
      "6": [
        {
          "acct_info": [
            {
              "exch": "Bybit_LinearSwap",
              "logic_acct": "by-swap-kronos-42"
            }
          ],
          "running_sub_tag": ""
        }
      ]
    },
    "kronos_ok_improve": {
      "1": [
        {
          "acct_info": [
            {
              "exch": "Okex_LinearSwap",
              "logic_acct": "okx-swap-kronos-40"
            }
          ],
          "running_sub_tag": ""
        }
      ],
      "2": [
        {
          "acct_info": [
            {
              "exch": "Okex_LinearSwap",
              "logic_acct": "okx-swap-kronos-30"
            }
          ],
          "running_sub_tag": ""
        }
      ],
      "3": [
        {
          "acct_info": [
            {
              "exch": "Okex_LinearSwap",
              "logic_acct": "okx-swap-kronos-31"
            }
          ],
          "running_sub_tag": ""
        }
      ]
    },
    "kronos_ok_join": {
      "1": [
        {
          "acct_info": [
            {
              "exch": "Okex_LinearSwap",
              "logic_acct": "okx-swap-kronos-14"
            }
          ],
          "running_sub_tag": "KRONOS_OK_JOIN_1"
        }
      ],
      "2": [
        {
          "acct_info": [
            {
              "exch": "Okex_LinearSwap",
              "logic_acct": "okx-swap-kronos-21"
            }
          ],
          "running_sub_tag": "KRONOS_OK_JOIN_2"
        }
      ],
      "3": [
        {
          "acct_info": [
            {
              "exch": "Okex_LinearSwap",
              "logic_acct": "okx-swap-kronos-22"
            }
          ],
          "running_sub_tag": "KRONOS_OK_JOIN_3"
        }
      ],
      "4": [
        {
          "acct_info": [
            {
              "exch": "Okex_LinearSwap",
              "logic_acct": "okx-swap-kronos-32"
            }
          ],
          "running_sub_tag": "KRONOS_OK_JOIN_4"
        }
      ]
    },
    "kronos_bn_join": {
      "1": [
        {
          "acct_info": [
            {
              "exch": "Binance_LinearSwap",
              "logic_acct": "bn-swap-kronos-17"
            }
          ],
          "running_sub_tag": ""
        }
      ],
      "2": [
        {
          "acct_info": [
            {
              "exch": "Binance_LinearSwap",
              "logic_acct": "bn-swap-kronos-16"
            }
          ],
          "running_sub_tag": ""
        }
      ]
    },
    "athena_by_fs": {
      "1": [
        {
          "acct_info": [
            {
              "exch": "Bybit_Spot",
              "logic_acct": "by-spot-kronos-02"
            },
            {
              "exch": "Bybit_LinearSwap",
              "logic_acct": "by-swap-kronos-48"
            }
          ],
          "running_sub_tag": "ATHENA_BY_FS_1"
        },
        {
          "acct_info": [
            {
              "exch": "Bybit_Spot",
              "logic_acct": "by-spot-kronos-01"
            },
            {
              "exch": "Bybit_LinearSwap",
              "logic_acct": "by-swap-kronos-60"
            }
          ],
          "running_sub_tag": "ATHENA_BY_FS_2"
        },
        {
          "acct_info": [
            {
              "exch": "Bybit_Spot",
              "logic_acct": "by-spot-kronos-04"
            },
            {
              "exch": "Bybit_LinearSwap",
              "logic_acct": "by-swap-kronos-47"
            }
          ],
          "running_sub_tag": "ATHENA_BY_FS_3"
        },
        {
          "acct_info": [
            {
              "exch": "Bybit_Spot",
              "logic_acct": "by-spot-kronos-03"
            },
            {
              "exch": "Bybit_LinearSwap",
              "logic_acct": "by-swap-kronos-12"
            }
          ],
          "running_sub_tag": "ATHENA_BY_FS_4"
        },
        {
          "acct_info": [
            {
              "exch": "Bybit_Spot",
              "logic_acct": "by-spot-kronos-05"
            },
            {
              "exch": "Bybit_LinearSwap",
              "logic_acct": "by-swap-kronos-46"
            }
          ],
          "running_sub_tag": "ATHENA_BY_FS_5"
        },
        {
          "acct_info": [
            {
              "exch": "Bybit_Spot",
              "logic_acct": "by-spot-kronos-06"
            },
            {
              "exch": "Bybit_LinearSwap",
              "logic_acct": "by-swap-kronos-44"
            }
          ],
          "running_sub_tag": "ATHENA_BY_FS_6"
        },
        {
          "acct_info": [
            {
              "exch": "Bybit_Spot",
              "logic_acct": "by-spot-kronos-07"
            },
            {
              "exch": "Bybit_LinearSwap",
              "logic_acct": "by-swap-kronos-43"
            }
          ],
          "running_sub_tag": "ATHENA_BY_FS_7"
        }
      ]
    },
    "athena_bn_fr": {
      "1": [
        {
          "acct_info": [
            {
              "exch": "Binance_Spot",
              "logic_acct": "bn-spot-kronos-03"
            },
            {
              "exch": "Binance_LinearSwap",
              "logic_acct": "bn-swap-kronos-64"
            }
          ],
          "running_sub_tag": ""
        }
      ]
    },
    "kronos_test": {
      "1": [
        {
          "acct_info": [
            {
              "exch": "Binance_LinearSwap",
              "logic_acct": "bn-swap-kronos-64"
            }
          ],
          "running_sub_tag": ""
        }
      ]
    },
    "athena_by_bn_cm": {
      "1": [
        {
          "acct_info": [
            {
              "exch": "Binance_InverseSwap",
              "logic_acct": "bn-inverseswap-kronos-06"
            },
            {
              "exch": "Bybit_InverseSwap",
              "logic_acct": "by-inv-kronos-12"
            }
          ],
          "running_sub_tag": "ATHENA_BY_BN_CM_1"
        },
        {
          "acct_info": [
            {
              "exch": "Binance_InverseSwap",
              "logic_acct": "bn-inverseswap-kronos-03"
            },
            {
              "exch": "Bybit_InverseSwap",
              "logic_acct": "by-inv-kronos-05"
            }
          ],
          "running_sub_tag": "ATHENA_BY_BN_CM_2"
        },
        {
          "acct_info": [
            {
              "exch": "Binance_InverseSwap",
              "logic_acct": "bn-inverseswap-kronos-02"
            },
            {
              "exch": "Bybit_InverseSwap",
              "logic_acct": "by-inv-kronos-04"
            }
          ],
          "running_sub_tag": "ATHENA_BY_BN_CM_3"
        },
        {
          "acct_info": [
            {
              "exch": "Binance_InverseSwap",
              "logic_acct": "bn-inverseswap-kronos-05"
            },
            {
              "exch": "Bybit_InverseSwap",
              "logic_acct": "by-inv-kronos-11"
            }
          ],
          "running_sub_tag": "ATHENA_BY_BN_CM_4"
        }
      ]
    },
    "athena_bn_by_cm": {
      "1": [
        {
          "acct_info": [
            {
              "exch": "Binance_InverseSwap",
              "logic_acct": "bn-inverseswap-kronos-04"
            },
            {
              "exch": "Bybit_InverseSwap",
              "logic_acct": "by-inv-kronos-10"
            }
          ],
          "running_sub_tag": "ATHENA_BN_BY_CM_1"
        },
        {
          "acct_info": [
            {
              "exch": "Binance_InverseSwap",
              "logic_acct": "bn-inverseswap-kronos-01"
            },
            {
              "exch": "Bybit_InverseSwap",
              "logic_acct": "by-inv-kronos-06"
            }
          ],
          "running_sub_tag": "ATHENA_BN_BY_CM_2"
        }
      ]
    },
    "athena_by_ok_cm": {
      "1": [
        {
          "acct_info": [
            {
              "exch": "Okex_InverseSwap",
              "logic_acct": "okx-inv-kronos-01"
            },
            {
              "exch": "Bybit_InverseSwap",
              "logic_acct": "by-inv-kronos-01"
            }
          ],
          "running_sub_tag": "ATHENA_BY_OK_CM_1"
        },
        {
          "acct_info": [
            {
              "exch": "Okex_InverseSwap",
              "logic_acct": "okx-inv-kronos-03"
            },
            {
              "exch": "Bybit_InverseSwap",
              "logic_acct": "by-inv-kronos-03"
            }
          ],
          "running_sub_tag": "ATHENA_BY_OK_CM_2"
        },
        {
          "acct_info": [
            {
              "exch": "Okex_InverseSwap",
              "logic_acct": "okx-inv-kronos-04"
            },
            {
              "exch": "Bybit_InverseSwap",
              "logic_acct": "by-inv-kronos-02"
            }
          ],
          "running_sub_tag": "ATHENA_BY_OK_CM_3"
        },
        {
          "acct_info": [
            {
              "exch": "Okex_InverseSwap",
              "logic_acct": "okx-inv-kronos-14"
            },
            {
              "exch": "Bybit_InverseSwap",
              "logic_acct": "by-inv-kronos-13"
            }
          ],
          "running_sub_tag": "ATHENA_BY_OK_CM_4"
        },
        {
          "acct_info": [
            {
              "exch": "Okex_InverseSwap",
              "logic_acct": "okx-inv-kronos-15"
            },
            {
              "exch": "Bybit_InverseSwap",
              "logic_acct": "by-inv-kronos-14"
            }
          ],
          "running_sub_tag": "ATHENA_BY_OK_CM_5"
        }
      ]
    },
    "athena_ok_by_cm": {
      "1": [
        {
          "acct_info": [
            {
              "exch": "Okex_InverseSwap",
              "logic_acct": "okx-inv-kronos-05"
            },
            {
              "exch": "Bybit_InverseSwap",
              "logic_acct": "by-inv-kronos-07"
            }
          ],
          "running_sub_tag": "ATHENA_OK_BY_CM_1"
        },
        {
          "acct_info": [
            {
              "exch": "Okex_InverseSwap",
              "logic_acct": "okx-inv-kronos-06"
            },
            {
              "exch": "Bybit_InverseSwap",
              "logic_acct": "by-inv-kronos-08"
            }
          ],
          "running_sub_tag": "ATHENA_OK_BY_CM_2"
        },
        {
          "acct_info": [
            {
              "exch": "Okex_InverseSwap",
              "logic_acct": "okx-inv-kronos-07"
            },
            {
              "exch": "Bybit_InverseSwap",
              "logic_acct": "by-inv-kronos-09"
            }
          ],
          "running_sub_tag": "ATHENA_OK_BY_CM_3"
        },
        {
          "acct_info": [
            {
              "exch": "Okex_InverseSwap",
              "logic_acct": "okx-inv-kronos-16"
            },
            {
              "exch": "Bybit_InverseSwap",
              "logic_acct": "by-inv-kronos-15"
            }
          ],
          "running_sub_tag": "ATHENA_OK_BY_CM_4"
        },
        {
          "acct_info": [
            {
              "exch": "Okex_InverseSwap",
              "logic_acct": "okx-inv-kronos-17"
            },
            {
              "exch": "Bybit_InverseSwap",
              "logic_acct": "by-inv-kronos-16"
            }
          ],
          "running_sub_tag": "ATHENA_OK_BY_CM_5"
        }
      ]
    },
    "athena_bn_ok_cm": {
      "1": [
        {
          "acct_info": [
            {
              "exch": "Okex_InverseSwap",
              "logic_acct": "okx-inv-kronos-08"
            },
            {
              "exch": "Binance_InverseSwap",
              "logic_acct": "bn-inverseswap-kronos-07"
            }
          ],
          "running_sub_tag": "ATHENA_BN_OK_CM_1"
        },
        {
          "acct_info": [
            {
              "exch": "Okex_InverseSwap",
              "logic_acct": "okx-inv-kronos-10"
            },
            {
              "exch": "Binance_InverseSwap",
              "logic_acct": "bn-inverseswap-kronos-09"
            }
          ],
          "running_sub_tag": "ATHENA_BN_OK_CM_2"
        }
      ]
    },
    "athena_ok_bn_cm": {
      "1": [
        {
          "acct_info": [
            {
              "exch": "Okex_InverseSwap",
              "logic_acct": "okx-inv-kronos-11"
            },
            {
              "exch": "Binance_InverseSwap",
              "logic_acct": "bn-inverseswap-kronos-10"
            }
          ],
          "running_sub_tag": "ATHENA_OK_BN_CM_1"
        },
        {
          "acct_info": [
            {
              "exch": "Okex_InverseSwap",
              "logic_acct": "okx-inv-kronos-12"
            },
            {
              "exch": "Binance_InverseSwap",
              "logic_acct": "bn-inverseswap-kronos-11"
            }
          ],
          "running_sub_tag": "ATHENA_OK_BN_CM_2"
        },
        {
          "acct_info": [
            {
              "exch": "Okex_InverseSwap",
              "logic_acct": "okx-inv-kronos-13"
            },
            {
              "exch": "Binance_InverseSwap",
              "logic_acct": "bn-inverseswap-kronos-12"
            }
          ],
          "running_sub_tag": "ATHENA_OK_BN_CM_3"
        },
        {
          "acct_info": [
            {
              "exch": "Okex_InverseSwap",
              "logic_acct": "okx-inv-kronos-09"
            },
            {
              "exch": "Binance_InverseSwap",
              "logic_acct": "bn-inverseswap-kronos-08"
            }
          ],
          "running_sub_tag": "ATHENA_OK_BN_CM_4"
        }
      ]
    },
    "athena_de_ok_cm": {
      "1": [
        {
          "acct_info": [
            {
              "exch": "Okex_InverseSwap",
              "logic_acct": "okx-inv-kronos-01"
            },
            {
              "exch": "Deribit_InverseSwap",
              "logic_acct": "der-multi-kronos-02"
            }
          ],
          "running_sub_tag": "ATHENA_DE_OK_CM_1"
        }
      ]
    },
    "athena_ok_de_cm": {
      "1": [
        {
          "acct_info": [
            {
              "exch": "Okex_InverseSwap",
              "logic_acct": "okx-inv-kronos-03"
            },
            {
              "exch": "Deribit_InverseSwap",
              "logic_acct": "der-multi-kronos-01"
            }
          ],
          "running_sub_tag": "ATHENA_OK_DE_CM_1"
        }
      ]
    },
    "kronos_bg": {
      "1": [
        {
          "acct_info": [
            {
              "exch": "Bitget_LinearSwap",
              "logic_acct": "bitget-swap-kronos-01"
            }
          ],
          "running_sub_tag": ""
        }
      ],
      "2": [
        {
          "acct_info": [
            {
              "exch": "Bitget_LinearSwap",
              "logic_acct": "bitget-swap-kronos-03"
            }
          ],
          "running_sub_tag": ""
        }
      ],
      "3": [
        {
          "acct_info": [
            {
              "exch": "Bitget_LinearSwap",
              "logic_acct": "bitget-swap-kronos-02"
            }
          ],
          "running_sub_tag": ""
        }
      ]
    },
    "kronos_bg_prod": {
      "1": [
        {
          "acct_info": [
            {
              "exch": "Bitget_LinearSwap",
              "logic_acct": "bitget-ln-kronos-01"
            }
          ],
          "running_sub_tag": ""
        }
      ],
      "2": [
        {
          "acct_info": [
            {
              "exch": "Bitget_LinearSwap",
              "logic_acct": "bitget-ln-kronos-02"
            }
          ],
          "running_sub_tag": ""
        }
      ],
      "3": [
        {
          "acct_info": [
            {
              "exch": "Bitget_LinearSwap",
              "logic_acct": "bitget-ln-kronos-03"
            }
          ],
          "running_sub_tag": ""
        }
      ],
      "4": [
        {
          "acct_info": [
            {
              "exch": "Bitget_LinearSwap",
              "logic_acct": "bitget-ln-kronos-04"
            }
          ],
          "running_sub_tag": ""
        }
      ]
    },
    "kronos_bg_gaia": {
      "1": [
        {
          "acct_info": [
            {
              "exch": "Bitget_LinearSwap",
              "logic_acct": "tky-bitget-prod-01"
            }
          ],
          "running_sub_tag": ""
        }
      ]
    },
    "kronos_lt_gaia": {
      "1": [
        {
          "acct_info": [
            {
              "exch": "Lighter_LinearSwap",
              "logic_acct": "lighter_ok_1_sub_1_1"
            }
          ],
          "running_sub_tag": "KRONOS_LT_GAIA_1"
        }
      ],
      "2": [
        {
          "acct_info": [
            {
              "exch": "Lighter_LinearSwap",
              "logic_acct": "lighter_ok_1_sub_2_1"
            }
          ],
          "running_sub_tag": "KRONOS_LT_GAIA_2"
        }
      ]
    },
    "kronos_as_gaia": {
      "1": [
        {
          "acct_info": [
            {
              "exch": "Aster_LinearSwap",
              "logic_acct": "aster_prod_1"
            }
          ],
          "running_sub_tag": ""
        }
      ]
    },
    "kronos_ao_join": {
      "1": [
        {
          "acct_info": [
            {
              "exch": "ApexOmni_LinearSwap",
              "logic_acct": "apexomni-swap-kronos-01"
            }
          ],
          "running_sub_tag": ""
        }
      ]
    },
    "athena_bn_hl": {
      "1": [
        {
          "acct_info": [
            {
              "exch": "Binance_LinearSwap",
              "logic_acct": "bn-swap-kronos-50"
            },
            {
              "exch": "Hyperliquid_LinearSwap",
              "logic_acct": "hpliquid-swap-kronos-18"
            }
          ],
          "running_sub_tag": "ATHENA_BN_HL_1"
        },
        {
          "acct_info": [
            {
              "exch": "Binance_LinearSwap",
              "logic_acct": "bn-swap-kronos-47"
            },
            {
              "exch": "Hyperliquid_LinearSwap",
              "logic_acct": "hpliquid-swap-kronos-19"
            }
          ],
          "running_sub_tag": "ATHENA_BN_HL_2"
        }
      ]
    },
    "zeus_bn_hl": {
      "1": [
        {
          "acct_info": [
            {
              "exch": "Binance_LinearSwap",
              "logic_acct": "bn-swap-kronos-48"
            },
            {
              "exch": "Hyperliquid_LinearSwap",
              "logic_acct": "hpliquid-swap-kronos-20"
            }
          ],
          "running_sub_tag": ""
        }
      ]
    },
    "athena_ok_hl": {
      "1": [
        {
          "acct_info": [
            {
              "exch": "Okex_LinearSwap",
              "logic_acct": "okx-swap-kronos-27"
            },
            {
              "exch": "Hyperliquid_LinearSwap",
              "logic_acct": "hpliquid-swap-kronos-16"
            }
          ],
          "running_sub_tag": "ATHENA_OK_HL_1"
        }
      ]
    },
    "athena_ga_hl": {
      "1": [
        {
          "acct_info": [
            {
              "exch": "Gateio_LinearSwap",
              "logic_acct": "gateio-ln-kronos-01"
            },
            {
              "exch": "Hyperliquid_LinearSwap",
              "logic_acct": "hpliquid-swap-kronos-13"
            }
          ],
          "running_sub_tag": ""
        }
      ]
    },
    "athena_hl_bg": {
      "1": [
        {
          "acct_info": [
            {
              "exch": "Bitget_LinearSwap",
              "logic_acct": "bitget-ln-kronos-05"
            },
            {
              "exch": "Hyperliquid_LinearSwap",
              "logic_acct": "hpliquid-swap-kronos-03"
            }
          ],
          "running_sub_tag": ""
        }
      ]
    },
    "athena_bg_hl": {
      "1": [
        {
          "acct_info": [
            {
              "exch": "Bitget_LinearSwap",
              "logic_acct": "bitget-ln-kronos-04"
            },
            {
              "exch": "Hyperliquid_LinearSwap",
              "logic_acct": "hpliquid-swap-kronos-11"
            }
          ],
          "running_sub_tag": ""
        }
      ]
    },
    "athena_hl_bn": {
      "1": [
        {
          "acct_info": [
            {
              "exch": "Binance_LinearSwap",
              "logic_acct": "bn-swap-kronos-51"
            },
            {
              "exch": "Hyperliquid_LinearSwap",
              "logic_acct": "hpliquid-swap-kronos-06"
            }
          ],
          "running_sub_tag": ""
        }
      ]
    },
    "athena_by_hl": {
      "1": [
        {
          "acct_info": [
            {
              "exch": "Bybit_LinearSwap",
              "logic_acct": "by-swap-kronos-45"
            },
            {
              "exch": "Hyperliquid_LinearSwap",
              "logic_acct": "hpliquid-swap-kronos-15"
            }
          ],
          "running_sub_tag": "ATHENA_BY_HL_1"
        }
      ]
    },
    "athena_hl_bn_fs": {
      "1": [
        {
          "acct_info": [
            {
              "exch": "Binance_LinearSwap",
              "logic_acct": "bn-swap-kronos-03"
            },
            {
              "exch": "Hyperliquid_Spot",
              "logic_acct": "hpliquid-spot-kronos-03"
            }
          ],
          "running_sub_tag": "ATHENA_HL_BN_FS_1"
        },
        {
          "acct_info": [
            {
              "exch": "Binance_LinearSwap",
              "logic_acct": "bn-swap-kronos-32"
            },
            {
              "exch": "Hyperliquid_Spot",
              "logic_acct": "hpliquid-spot-kronos-02"
            }
          ],
          "running_sub_tag": "ATHENA_HL_BN_FS_2"
        }
      ]
    },
    "athena_bn_hl_ff": {
      "1": [
        {
          "acct_info": [
            {
              "exch": "Binance_LinearSwap",
              "logic_acct": "bn-swap-kronos-53"
            },
            {
              "exch": "Hyperliquid_LinearSwap",
              "logic_acct": "hpliquid-swap-kronos-21"
            }
          ],
          "running_sub_tag": "ATHENA_BN_HL_FF_1"
        }
      ],
      "2": [
        {
          "acct_info": [
            {
              "exch": "Binance_LinearSwap",
              "logic_acct": "bn-swap-kronos-52"
            },
            {
              "exch": "Hyperliquid_LinearSwap",
              "logic_acct": "hpliquid-swap-kronos-12"
            }
          ],
          "running_sub_tag": "ATHENA_BN_HL_FF_2"
        }
      ]
    },
    "athena_ga_hl_ff": {
      "1": [
        {
          "acct_info": [
            {
              "exch": "Gateio_LinearSwap",
              "logic_acct": "gateio-ln-kronos-02"
            },
            {
              "exch": "Hyperliquid_LinearSwap",
              "logic_acct": "hpliquid-swap-kronos-10"
            }
          ],
          "running_sub_tag": ""
        }
      ]
    },
    "athena_bn_fs_corp": {
      "1": [
        {
          "acct_info": [
            {
              "exch": "Binance_LinearSwap",
              "logic_acct": "bn-swap-kronos-65"
            },
            {
              "exch": "Binance_Spot",
              "logic_acct": "bn-spot-kronos-05"
            }
          ],
          "running_sub_tag": ""
        }
      ]
    },
    "athena_bn_usdt_usdc": {
      "1": [
        {
          "acct_info": [
            {
              "exch": "Binance_LinearSwap",
              "logic_acct": "bn-swap-kronos-22"
            },
            {
              "exch": "Binance_LinearSwap",
              "logic_acct": "bn-swap-kronos-22"
            }
          ],
          "running_sub_tag": "ATHENA_BN_USDT_USDC_1"
        }
      ]
    }
  }
}