logic_account_id,logic_account_name,machine_name,exchange,product_name,uid,account_name
2,lighter_1_sub_1_1,tky-az4-kronos-prod-01,Lighter,LinearSwap,0x51Dca6A152b79fd63934d13766Dba7a7dcc880dE,281474976666713
3,lighter_1_sub_1_2,tky-az4-kronos-prod-01,Lighter,LinearSwap,0x51Dca6A152b79fd63934d13766Dba7a7dcc880dE,281474976666713
4,aster_prod_1,tky-az4-kronos-prod-01,Aster,LinearSwap,0x1edc1879662164e46d752353e3cd7140238e9fe7,0x51Dca6A152b79fd63934d13766Dba7a7dcc880dE
5,lighter_ok_1_sub_1_1,tky-az4-kronos-prod-01,Lighter,LinearSwap,0x89c9fabCE5d938cDa11d48B1F52cb54F3551D28a,281474976642265
6,lighter_ok_1_sub_1_2,tky-az4-kronos-prod-01,Lighter,LinearSwap,0x89c9fabCE5d938cDa11d48B1F52cb54F3551D28a,281474976642265
7,lighter_ok_1_sub_2_1,tky-az4-kronos-prod-01,Lighter,LinearSwap,0x89c9fabCE5d938cDa11d48B1F52cb54F3551D28a,281474976642264
8,lighter_ok_1_sub_2_2,tky-az4-kronos-prod-01,Lighter,LinearSwap,0x89c9fabCE5d938cDa11d48B1F52cb54F3551D28a,281474976642264
